what,kind,bundleId,bundleVersion,description,time
stopped,bundle,org.eclipse.cdt.dsf.gdb.ui,2.1.0.201009141542,"org.eclipse.cdt.dsf.gdb.ui",1454014475948
stopped,bundle,org.eclipse.cdt.dsf.ui,2.1.1.201009141542,"org.eclipse.cdt.dsf.ui",1454014475949
stopped,bundle,org.eclipse.cdt.gdb.ui,7.0.0.201009141542,"org.eclipse.cdt.gdb.ui",1454014475950
stopped,bundle,org.eclipse.cdt.dsf.gdb,3.0.0.201009141542,"org.eclipse.cdt.dsf.gdb",1454014475950
stopped,bundle,com.altera.sbtgui.ui,12.0.0.178,"com.altera.sbtgui.ui",1454014475950
stopped,bundle,com.altera.sbtgui.project,12.0.0.178,"com.altera.sbtgui.project",1454014475950
stopped,bundle,org.eclipse.cdt.launch,6.1.0.201009141542,"org.eclipse.cdt.launch",1454014475950
stopped,bundle,org.eclipse.cdt.debug.ui,7.0.0.201009141542,"org.eclipse.cdt.debug.ui",1454014475950
stopped,bundle,org.eclipse.cdt.debug.ui.memory.traditional,1.2.0.201009141542,"org.eclipse.cdt.debug.ui.memory.traditional",1454014475950
stopped,bundle,org.eclipse.cdt.dsf,2.1.0.201009141542,"org.eclipse.cdt.dsf",1454014475951
stopped,bundle,org.eclipse.cdt.debug.core,7.0.0.201009141542,"org.eclipse.cdt.debug.core",1454014475951
stopped,bundle,org.eclipse.cdt.managedbuilder.ui,7.0.0.201009141542,"org.eclipse.cdt.managedbuilder.ui",1454014475951
stopped,bundle,org.eclipse.cdt.make.ui,7.0.0.201009141542,"org.eclipse.cdt.make.ui",1454014475951
stopped,bundle,org.eclipse.cdt.managedbuilder.gnu.ui,7.0.0.201009141542,"org.eclipse.cdt.managedbuilder.gnu.ui",1454014475952
stopped,bundle,org.eclipse.cdt.managedbuilder.core,7.0.1.201009141542,"org.eclipse.cdt.managedbuilder.core",1454014475952
stopped,bundle,org.eclipse.cdt.make.core,7.0.0.201009141542,"org.eclipse.cdt.make.core",1454014475952
stopped,bundle,org.eclipse.cdt.mylyn.ui,1.1.3.v20100909-0100-e3x,"org.eclipse.cdt.mylyn.ui",1454014475952
stopped,bundle,com.altera.sbtgui.flash.plugin,12.0.0.178,"com.altera.sbtgui.flash.plugin",1454014475953
stopped,bundle,com.altera.sbtgui.gprof,12.0.0.178,"com.altera.sbtgui.gprof",1454014475953
stopped,bundle,com.altera.sbtgui.core,12.0.0.178,"com.altera.sbtgui.core",1454014475953
stopped,bundle,org.eclipse.cdt.ui,5.2.1.201009141542,"org.eclipse.cdt.ui",1454014475953
stopped,bundle,org.eclipse.cdt.core,5.2.1.201009141542,"org.eclipse.cdt.core",1454014475953
stopped,bundle,org.eclipse.equinox.p2.ui.sdk,1.0.100.v20100513,"org.eclipse.equinox.p2.ui.sdk",1454014475954
stopped,bundle,org.eclipse.search,3.6.0.v20100520-0800,"org.eclipse.search",1454014475958
stopped,bundle,org.eclipse.mylyn.team.ui,3.4.2.v20100909-0100-e3x,"org.eclipse.mylyn.team.ui",1454014475958
activated,perspective,com.altera.sbtgui.ui,,"com.altera.sbtgui.ui.cPerspective",1454014484753
started,bundle,org.eclipse.osgi,3.6.1.R36x_v20100806,"org.eclipse.osgi",1454014484758
started,bundle,org.eclipse.equinox.simpleconfigurator,1.0.200.v20100503,"org.eclipse.equinox.simpleconfigurator",1454014484759
started,bundle,com.ibm.icu,4.2.1.v20100412,"com.ibm.icu",1454014484761
started,bundle,org.eclipse.cdt.core,5.2.1.201009141542,"org.eclipse.cdt.core",1454014484761
started,bundle,org.eclipse.cdt.make.core,7.0.0.201009141542,"org.eclipse.cdt.make.core",1454014484763
started,bundle,org.eclipse.cdt.make.ui,7.0.0.201009141542,"org.eclipse.cdt.make.ui",1454014484765
started,bundle,org.eclipse.cdt.managedbuilder.core,7.0.1.201009141542,"org.eclipse.cdt.managedbuilder.core",1454014484768
started,bundle,org.eclipse.cdt.ui,5.2.1.201009141542,"org.eclipse.cdt.ui",1454014484768
started,bundle,org.eclipse.compare.core,3.5.100.I20100526-0800,"org.eclipse.compare.core",1454014484769
started,bundle,org.eclipse.core.contenttype,3.4.100.v20100505-1235,"org.eclipse.core.contenttype",1454014484771
started,bundle,org.eclipse.core.databinding.observable,1.3.0.I20100601-0800,"org.eclipse.core.databinding.observable",1454014484773
started,bundle,org.eclipse.core.expressions,3.4.200.v20100505,"org.eclipse.core.expressions",1454014484776
started,bundle,org.eclipse.core.filebuffers,3.5.100.v20100520-0800,"org.eclipse.core.filebuffers",1454014484778
started,bundle,org.eclipse.core.filesystem,1.3.1.R36x_v20100727-0745,"org.eclipse.core.filesystem",1454014484780
started,bundle,org.eclipse.core.jobs,3.5.1.R36x_v20100824,"org.eclipse.core.jobs",1454014484781
started,bundle,org.eclipse.core.net,1.2.100.I20100511-0800,"org.eclipse.core.net",1454014484782
started,bundle,org.eclipse.core.resources,3.6.0.R36x_v20100825-0600,"org.eclipse.core.resources",1454014484784
started,bundle,org.eclipse.core.runtime,3.6.0.v20100505,"org.eclipse.core.runtime",1454014484785
started,bundle,org.eclipse.core.runtime.compatibility,3.2.100.v20100505,"org.eclipse.core.runtime.compatibility",1454014484786
started,bundle,org.eclipse.core.runtime.compatibility.auth,3.2.200.v20100517,"org.eclipse.core.runtime.compatibility.auth",1454014484788
started,bundle,org.eclipse.core.variables,3.2.400.v20100505,"org.eclipse.core.variables",1454014484789
started,bundle,org.eclipse.debug.core,3.6.0.v20100519,"org.eclipse.debug.core",1454014484790
started,bundle,org.eclipse.epp.usagedata.gathering,1.3.0.R201005261100,"org.eclipse.epp.usagedata.gathering",1454014484791
started,bundle,org.eclipse.epp.usagedata.recording,1.3.0.R201005261100,"org.eclipse.epp.usagedata.recording",1454014484791
started,bundle,org.eclipse.equinox.app,1.3.1.R36x_v20100803,"org.eclipse.equinox.app",1454014484791
started,bundle,org.eclipse.equinox.common,3.6.0.v20100503,"org.eclipse.equinox.common",1454014484792
started,bundle,org.eclipse.equinox.ds,1.2.1.R36x_v20100803,"org.eclipse.equinox.ds",1454014484792
started,bundle,org.eclipse.equinox.event,1.2.0.v20100503,"org.eclipse.equinox.event",1454014484792
started,bundle,org.eclipse.equinox.p2.core,2.0.2.R36x_v20100804,"org.eclipse.equinox.p2.core",1454014484793
started,bundle,org.eclipse.equinox.p2.directorywatcher,1.0.202.R36x_v20100727,"org.eclipse.equinox.p2.directorywatcher",1454014484793
started,bundle,org.eclipse.equinox.p2.engine,2.0.0.v20100606,"org.eclipse.equinox.p2.engine",1454014484793
started,bundle,org.eclipse.equinox.p2.metadata,2.0.0.v20100601,"org.eclipse.equinox.p2.metadata",1454014484794
started,bundle,org.eclipse.equinox.p2.metadata.repository,1.1.0.v20100513,"org.eclipse.equinox.p2.metadata.repository",1454014484794
started,bundle,org.eclipse.equinox.p2.operations,2.0.0.v20100510,"org.eclipse.equinox.p2.operations",1454014484794
started,bundle,org.eclipse.equinox.p2.reconciler.dropins,1.1.0.v20100525,"org.eclipse.equinox.p2.reconciler.dropins",1454014484794
started,bundle,org.eclipse.equinox.p2.repository,2.0.1.R36x_v20100823,"org.eclipse.equinox.p2.repository",1454014484795
started,bundle,org.eclipse.equinox.p2.ui.sdk.scheduler,1.0.0.v20100507-1815,"org.eclipse.equinox.p2.ui.sdk.scheduler",1454014484795
started,bundle,org.eclipse.equinox.p2.updatechecker,1.1.101.R36x_v20100823,"org.eclipse.equinox.p2.updatechecker",1454014484795
started,bundle,org.eclipse.equinox.preferences,3.3.0.v20100503,"org.eclipse.equinox.preferences",1454014484796
started,bundle,org.eclipse.equinox.registry,3.5.0.v20100503,"org.eclipse.equinox.registry",1454014484796
started,bundle,org.eclipse.equinox.security,1.0.200.v20100503,"org.eclipse.equinox.security",1454014484796
started,bundle,org.eclipse.equinox.util,1.0.200.v20100503,"org.eclipse.equinox.util",1454014484797
started,bundle,org.eclipse.help,3.5.0.v20100524,"org.eclipse.help",1454014484797
started,bundle,org.eclipse.jface,3.6.1.M20100825-0800,"org.eclipse.jface",1454014484797
started,bundle,org.eclipse.jsch.core,1.1.200.I20100505-1245,"org.eclipse.jsch.core",1454014484798
started,bundle,org.eclipse.ltk.core.refactoring,3.5.100.v20100526-0800,"org.eclipse.ltk.core.refactoring",1454014484798
started,bundle,org.eclipse.ltk.ui.refactoring,3.5.0.v20100526-0800,"org.eclipse.ltk.ui.refactoring",1454014484799
started,bundle,org.eclipse.mylyn.bugzilla.core,3.4.2.v20100902-0100-e3x,"org.eclipse.mylyn.bugzilla.core",1454014484799
started,bundle,org.eclipse.mylyn.bugzilla.ui,3.4.2.v20100909-0100-e3x,"org.eclipse.mylyn.bugzilla.ui",1454014484799
started,bundle,org.eclipse.mylyn.commons.net,3.4.1.v20100625-2100-e3x,"org.eclipse.mylyn.commons.net",1454014484800
started,bundle,org.eclipse.mylyn.commons.ui,3.4.0.v20100608-0100-e3x,"org.eclipse.mylyn.commons.ui",1454014484800
started,bundle,org.eclipse.mylyn.context.core,3.4.1.v20100909-0100-e3x,"org.eclipse.mylyn.context.core",1454014484800
started,bundle,org.eclipse.mylyn.context.ui,3.4.1.v20100909-0100-e3x,"org.eclipse.mylyn.context.ui",1454014484801
started,bundle,org.eclipse.mylyn.monitor.ui,3.4.0.v20100608-0100-e3x,"org.eclipse.mylyn.monitor.ui",1454014484801
started,bundle,org.eclipse.mylyn.tasks.ui,3.4.2.v20100902-0100-e3x,"org.eclipse.mylyn.tasks.ui",1454014484802
started,bundle,org.eclipse.mylyn.team.ui,3.4.2.v20100909-0100-e3x,"org.eclipse.mylyn.team.ui",1454014484802
started,bundle,org.eclipse.search,3.6.0.v20100520-0800,"org.eclipse.search",1454014484803
started,bundle,org.eclipse.team.core,3.5.100.R36x_v20100825-0800,"org.eclipse.team.core",1454014484803
started,bundle,org.eclipse.team.cvs.core,3.3.300.I20100526-0800,"org.eclipse.team.cvs.core",1454014484803
started,bundle,org.eclipse.team.cvs.ui,3.3.301.R36x_v20100825-0800,"org.eclipse.team.cvs.ui",1454014484804
started,bundle,org.eclipse.team.ui,3.5.101.R36x_v20100825-0800,"org.eclipse.team.ui",1454014484805
started,bundle,org.eclipse.ui,3.6.1.M20100826-1330,"org.eclipse.ui",1454014484806
started,bundle,org.eclipse.ui.console,3.5.0.v20100526,"org.eclipse.ui.console",1454014484806
started,bundle,org.eclipse.ui.editors,3.6.1.r361_v20100825-0800,"org.eclipse.ui.editors",1454014484806
started,bundle,org.eclipse.ui.forms,3.5.2.r36_v20100702,"org.eclipse.ui.forms",1454014484806
started,bundle,org.eclipse.ui.ide,3.6.1.M20100825-0800,"org.eclipse.ui.ide",1454014484807
started,bundle,org.eclipse.ui.navigator,3.5.0.I20100601-0800,"org.eclipse.ui.navigator",1454014484808
started,bundle,org.eclipse.ui.navigator.resources,3.4.201.M20100707-0800,"org.eclipse.ui.navigator.resources",1454014484808
started,bundle,org.eclipse.ui.net,1.2.100.I20100505-1245,"org.eclipse.ui.net",1454014484808
started,bundle,org.eclipse.ui.views,3.5.0.I20100527-0800,"org.eclipse.ui.views",1454014484808
started,bundle,org.eclipse.ui.workbench,3.6.1.M20100826-1330,"org.eclipse.ui.workbench",1454014484809
started,bundle,org.eclipse.ui.workbench.texteditor,3.6.1.r361_v20100714-0800,"org.eclipse.ui.workbench.texteditor",1454014484810
started,bundle,org.eclipse.update.configurator,3.3.100.v20100512,"org.eclipse.update.configurator",1454014484810
started,bundle,org.eclipse.update.core,3.2.402.R36x_v20100629,"org.eclipse.update.core",1454014484811
started,bundle,org.eclipse.update.scheduler,3.2.300.v20100512,"org.eclipse.update.scheduler",1454014484811
started,bundle,com.altera.sbtgui.integration,12.0.0.178,"com.altera.sbtgui.integration",1454014484814
started,bundle,com.altera.sbtgui.launch,12.0.0.178,"com.altera.sbtgui.launch",1454014484815
started,bundle,com.altera.sbtgui.project,12.0.0.178,"com.altera.sbtgui.project",1454014484815
started,bundle,com.altera.systemconsole,12.0.0.178,"com.altera.systemconsole",1454014484816
started,bundle,com.altera.systemconsole.designs.plugin,12.0.0.178,"com.altera.systemconsole.designs.plugin",1454014484816
started,bundle,com.altera.systemconsole.scripting,12.0.0.178,"com.altera.systemconsole.scripting",1454014484816
started,bundle,com.altera.utilities,12.0.0.178,"com.altera.utilities",1454014484816
os,sysinfo,,,"linux",1454014484821
arch,sysinfo,,,"x86",1454014484821
ws,sysinfo,,,"gtk",1454014484821
locale,sysinfo,,,"en_US",1454014484821
processors,sysinfo,,,"3",1454014484822
java.runtime.name,sysinfo,,,"Java(TM) SE Runtime Environment",1454014484822
java.runtime.version,sysinfo,,,"1.6.0_23-b05",1454014484822
java.specification.name,sysinfo,,,"Java Platform API Specification",1454014484822
java.specification.vendor,sysinfo,,,"Sun Microsystems Inc.",1454014484822
java.specification.version,sysinfo,,,"1.6",1454014484822
java.vendor,sysinfo,,,"Sun Microsystems Inc.",1454014484822
java.version,sysinfo,,,"1.6.0_23",1454014484822
java.vm.info,sysinfo,,,"mixed mode",1454014484822
java.vm.name,sysinfo,,,"Java HotSpot(TM) Server VM",1454014484822
java.vm.specification.name,sysinfo,,,"Java Virtual Machine Specification",1454014484822
java.vm.specification.vendor,sysinfo,,,"Sun Microsystems Inc.",1454014484822
java.vm.specification.version,sysinfo,,,"1.0",1454014484822
java.vm.vendor,sysinfo,,,"Sun Microsystems Inc.",1454014484822
java.vm.version,sysinfo,,,"19.0-b09",1454014484822
activated,view,org.eclipse.ui.navigator.resources,3.4.201.M20100707-0800,"org.eclipse.ui.navigator.ProjectExplorer",1454014493284
started,bundle,com.altera.sbtgui.core,12.0.0.178,"com.altera.sbtgui.core",1454014493391
started,bundle,org.eclipse.compare,3.5.100.I20100526-0800,"org.eclipse.compare",1454014493451
started,bundle,org.eclipse.cdt.dsf.gdb.ui,2.1.0.201009141542,"org.eclipse.cdt.dsf.gdb.ui",1454014496023
started,bundle,org.eclipse.debug.ui,3.6.1.v20100901_r361,"org.eclipse.debug.ui",1454014496054
deactivated,workbench,org.eclipse.ui.workbench,3.6.1.M20100826-1330,"",1454014496099
activated,workbench,org.eclipse.ui.workbench,3.6.1.M20100826-1330,"",1454014499941
executed,command,org.eclipse.ui.ide,3.6.1.M20100825-0800,"org.eclipse.ui.project.buildAll",1454014503212
deactivated,workbench,org.eclipse.ui.workbench,3.6.1.M20100826-1330,"",1454014503538
activated,workbench,org.eclipse.ui.workbench,3.6.1.M20100826-1330,"",1454014509227
deactivated,workbench,org.eclipse.ui.workbench,3.6.1.M20100826-1330,"",1454014509264
activated,workbench,org.eclipse.ui.workbench,3.6.1.M20100826-1330,"",1454014510079
opened,view,org.eclipse.ui.ide,3.6.1.M20100825-0800,"org.eclipse.ui.views.ProblemView",1454014513040
activated,view,org.eclipse.ui.ide,3.6.1.M20100825-0800,"org.eclipse.ui.views.ProblemView",1454014513048
activated,view,org.eclipse.ui.navigator.resources,3.4.201.M20100707-0800,"org.eclipse.ui.navigator.ProjectExplorer",1454014517867
started,bundle,org.eclipse.cdt.debug.core,7.0.0.201009141542,"org.eclipse.cdt.debug.core",1454014520111
started,bundle,org.eclipse.cdt.debug.ui,7.0.0.201009141542,"org.eclipse.cdt.debug.ui",1454014520114
deactivated,workbench,org.eclipse.ui.workbench,3.6.1.M20100826-1330,"",1454014520957
executed,command,,,"com.altera.sbtgui.launch.hardware.Nios2HardwareLaunchShortcut.run",1454014521892
activated,workbench,org.eclipse.ui.workbench,3.6.1.M20100826-1330,"",1454014521907
started,bundle,org.eclipse.cdt.launch,6.1.0.201009141542,"org.eclipse.cdt.launch",1454014521927
started,bundle,org.eclipse.cdt.dsf,2.1.0.201009141542,"org.eclipse.cdt.dsf",1454014522371
started,bundle,org.eclipse.cdt.dsf.gdb,3.0.0.201009141542,"org.eclipse.cdt.dsf.gdb",1454014522372
opened,view,com.altera.sbtgui.launch,12.0.0.178,"com.altera.sbtgui.launch.hardware.ByteStreamConsoleView",1454014523108
started,bundle,org.eclipse.cdt.debug.mi.ui,6.1.0.201009141542,"org.eclipse.cdt.debug.mi.ui",1454014523434
started,bundle,org.eclipse.cdt.debug.mi.core,7.0.1.201009141542,"org.eclipse.cdt.debug.mi.core",1454014523441
error,log,,,"Failed Executing: [nios2-download, '--cable=USB-Blaster on localhost [USB 4-4]', --device=1, --instance=0, --stop, --accept-bad-sysid, --sidp=Not Found] return code: 8",1454014524428
error,log,,,"Failed Executing: [nios2-download, '--cable=USB-Blaster on localhost [USB 4-4]', --device=1, --instance=0, --go, --accept-bad-sysid, --reset-target, /home/ECE/aiellocs/Desktop/4DS4/4DS4/Lab3/exercises/experiment1b/software/experiment1b/experiment1b.elf] return code: 4, 'other error'",1454014526637
error,log,,,"Downloading ELF Process failed",1454014526645
deactivated,workbench,org.eclipse.ui.workbench,3.6.1.M20100826-1330,"",1454014526732
activated,workbench,org.eclipse.ui.workbench,3.6.1.M20100826-1330,"",1454014542362
deactivated,workbench,org.eclipse.ui.workbench,3.6.1.M20100826-1330,"",1454014543635
activated,workbench,org.eclipse.ui.workbench,3.6.1.M20100826-1330,"",1454014702651
deactivated,workbench,org.eclipse.ui.workbench,3.6.1.M20100826-1330,"",1454014708456
activated,workbench,org.eclipse.ui.workbench,3.6.1.M20100826-1330,"",1454014712512
executed,command,org.eclipse.ui.ide,3.6.1.M20100825-0800,"org.eclipse.ui.project.buildAll",1454014713844
deactivated,workbench,org.eclipse.ui.workbench,3.6.1.M20100826-1330,"",1454014714240
activated,workbench,org.eclipse.ui.workbench,3.6.1.M20100826-1330,"",1454014714726
deactivated,workbench,org.eclipse.ui.workbench,3.6.1.M20100826-1330,"",1454014718672
executed,command,,,"com.altera.sbtgui.launch.hardware.Nios2HardwareLaunchShortcut.run",1454014719333
activated,workbench,org.eclipse.ui.workbench,3.6.1.M20100826-1330,"",1454014719376
deactivated,workbench,org.eclipse.ui.workbench,3.6.1.M20100826-1330,"",1454014719460
activated,view,com.altera.sbtgui.launch,12.0.0.178,"com.altera.sbtgui.launch.hardware.ByteStreamConsoleView",1454014720522
activated,view,org.eclipse.ui.console,3.5.0.v20100526,"org.eclipse.ui.console.ConsoleView",1454014720846
activated,workbench,org.eclipse.ui.workbench,3.6.1.M20100826-1330,"",1454014720940
error,log,,,"Failed Executing: [nios2-download, '--cable=USB-Blaster on localhost [USB 4-4]', --device=1, --instance=0, --stop, --accept-bad-sysid, --sidp=Not Found] return code: 8",1454014721741
deactivated,workbench,org.eclipse.ui.workbench,3.6.1.M20100826-1330,"",1454014722706
activated,view,com.altera.sbtgui.launch,12.0.0.178,"com.altera.sbtgui.launch.hardware.ByteStreamConsoleView",1454014726269
activated,workbench,org.eclipse.ui.workbench,3.6.1.M20100826-1330,"",1454014726373
activated,editor,org.eclipse.cdt.ui,5.2.1.201009141542,"org.eclipse.cdt.ui.editor.CEditor",1454014745345
activated,view,org.eclipse.ui.navigator.resources,3.4.201.M20100707-0800,"org.eclipse.ui.navigator.ProjectExplorer",1454014749267
opened,editor,org.eclipse.cdt.ui,5.2.1.201009141542,"org.eclipse.cdt.ui.editor.CEditor",1454014756929
activated,editor,org.eclipse.cdt.ui,5.2.1.201009141542,"org.eclipse.cdt.ui.editor.CEditor",1454014757009
activated,editor,org.eclipse.cdt.ui,5.2.1.201009141542,"org.eclipse.cdt.ui.editor.CEditor",1454014764031
deactivated,workbench,org.eclipse.ui.workbench,3.6.1.M20100826-1330,"",1454014770278
activated,workbench,org.eclipse.ui.workbench,3.6.1.M20100826-1330,"",1454015119918
deactivated,workbench,org.eclipse.ui.workbench,3.6.1.M20100826-1330,"",1454015122291
activated,workbench,org.eclipse.ui.workbench,3.6.1.M20100826-1330,"",1454015887845
deactivated,workbench,org.eclipse.ui.workbench,3.6.1.M20100826-1330,"",1454015901165
activated,workbench,org.eclipse.ui.workbench,3.6.1.M20100826-1330,"",1454015915938
deactivated,workbench,org.eclipse.ui.workbench,3.6.1.M20100826-1330,"",1454015916604
activated,workbench,org.eclipse.ui.workbench,3.6.1.M20100826-1330,"",1454015963369
deactivated,workbench,org.eclipse.ui.workbench,3.6.1.M20100826-1330,"",1454015966448
activated,workbench,org.eclipse.ui.workbench,3.6.1.M20100826-1330,"",1454016270068
activated,view,com.altera.sbtgui.launch,12.0.0.178,"com.altera.sbtgui.launch.hardware.ByteStreamConsoleView",1454016274887
deactivated,workbench,org.eclipse.ui.workbench,3.6.1.M20100826-1330,"",1454016278969
activated,workbench,org.eclipse.ui.workbench,3.6.1.M20100826-1330,"",1454016289992
activated,editor,org.eclipse.cdt.ui,5.2.1.201009141542,"org.eclipse.cdt.ui.editor.CEditor",1454016290055
started,bundle,org.eclipse.cdt.mylyn.ui,1.1.3.v20100909-0100-e3x,"org.eclipse.cdt.mylyn.ui",1454016291439
closed,workbench,org.eclipse.ui.workbench,3.6.1.M20100826-1330,"",1454016291541
stopped,bundle,org.eclipse.cdt.debug.mi.ui,6.1.0.201009141542,"org.eclipse.cdt.debug.mi.ui",1454016291814
stopped,bundle,com.altera.debug.cdi.gdb.plugin,12.0.0.178,"com.altera.debug.cdi.gdb.plugin",1454016291815
stopped,bundle,com.altera.sbtgui.launch,12.0.0.178,"com.altera.sbtgui.launch",1454016291815
stopped,bundle,org.eclipse.cdt.debug.mi.core,7.0.1.201009141542,"org.eclipse.cdt.debug.mi.core",1454016291815
stopped,bundle,org.eclipse.cdt.debug.ui.memory.memorybrowser,1.2.0.201009141542,"org.eclipse.cdt.debug.ui.memory.memorybrowser",1454016291818
stopped,bundle,org.eclipse.cdt.debug.ui.memory.search,1.2.0.201009141542,"org.eclipse.cdt.debug.ui.memory.search",1454016291818
stopped,bundle,org.eclipse.cdt.dsf.gdb.ui,2.1.0.201009141542,"org.eclipse.cdt.dsf.gdb.ui",1454016291818
stopped,bundle,org.eclipse.cdt.dsf.ui,2.1.1.201009141542,"org.eclipse.cdt.dsf.ui",1454016291819
stopped,bundle,org.eclipse.cdt.gdb.ui,7.0.0.201009141542,"org.eclipse.cdt.gdb.ui",1454016291819
stopped,bundle,org.eclipse.cdt.dsf.gdb,3.0.0.201009141542,"org.eclipse.cdt.dsf.gdb",1454016291819
stopped,bundle,com.altera.sbtgui.ui,12.0.0.178,"com.altera.sbtgui.ui",1454016291820
stopped,bundle,com.altera.sbtgui.project,12.0.0.178,"com.altera.sbtgui.project",1454016291820
stopped,bundle,org.eclipse.cdt.launch,6.1.0.201009141542,"org.eclipse.cdt.launch",1454016291820
stopped,bundle,org.eclipse.cdt.debug.ui,7.0.0.201009141542,"org.eclipse.cdt.debug.ui",1454016291820
stopped,bundle,org.eclipse.cdt.debug.ui.memory.traditional,1.2.0.201009141542,"org.eclipse.cdt.debug.ui.memory.traditional",1454016291820
stopped,bundle,org.eclipse.cdt.dsf,2.1.0.201009141542,"org.eclipse.cdt.dsf",1454016291820
stopped,bundle,org.eclipse.cdt.debug.core,7.0.0.201009141542,"org.eclipse.cdt.debug.core",1454016291820
stopped,bundle,org.eclipse.cdt.managedbuilder.ui,7.0.0.201009141542,"org.eclipse.cdt.managedbuilder.ui",1454016291821
stopped,bundle,org.eclipse.cdt.make.ui,7.0.0.201009141542,"org.eclipse.cdt.make.ui",1454016291821
stopped,bundle,org.eclipse.cdt.managedbuilder.gnu.ui,7.0.0.201009141542,"org.eclipse.cdt.managedbuilder.gnu.ui",1454016291822
stopped,bundle,org.eclipse.cdt.managedbuilder.core,7.0.1.201009141542,"org.eclipse.cdt.managedbuilder.core",1454016291822
stopped,bundle,org.eclipse.cdt.make.core,7.0.0.201009141542,"org.eclipse.cdt.make.core",1454016291822
stopped,bundle,org.eclipse.cdt.mylyn.ui,1.1.3.v20100909-0100-e3x,"org.eclipse.cdt.mylyn.ui",1454016291822
stopped,bundle,com.altera.sbtgui.flash.plugin,12.0.0.178,"com.altera.sbtgui.flash.plugin",1454016291822
stopped,bundle,com.altera.sbtgui.gprof,12.0.0.178,"com.altera.sbtgui.gprof",1454016291823
stopped,bundle,com.altera.sbtgui.core,12.0.0.178,"com.altera.sbtgui.core",1454016291823
stopped,bundle,org.eclipse.cdt.ui,5.2.1.201009141542,"org.eclipse.cdt.ui",1454016291823
stopped,bundle,org.eclipse.cdt.core,5.2.1.201009141542,"org.eclipse.cdt.core",1454016291823
stopped,bundle,org.eclipse.equinox.p2.ui.sdk,1.0.100.v20100513,"org.eclipse.equinox.p2.ui.sdk",1454016291823
stopped,bundle,org.eclipse.search,3.6.0.v20100520-0800,"org.eclipse.search",1454016291830
stopped,bundle,org.eclipse.mylyn.team.ui,3.4.2.v20100909-0100-e3x,"org.eclipse.mylyn.team.ui",1454016291830
stopped,bundle,org.eclipse.ui.navigator.resources,3.4.201.M20100707-0800,"org.eclipse.ui.navigator.resources",1454016291830
stopped,bundle,org.eclipse.ltk.ui.refactoring,3.5.0.v20100526-0800,"org.eclipse.ltk.ui.refactoring",1454016291830
stopped,bundle,org.eclipse.mylyn.bugzilla.ui,3.4.2.v20100909-0100-e3x,"org.eclipse.mylyn.bugzilla.ui",1454016291830
stopped,bundle,org.eclipse.mylyn.ide.ui,3.4.0.v20100608-0100-e3x,"org.eclipse.mylyn.ide.ui",1454016291831
stopped,bundle,org.eclipse.mylyn.resources.ui,3.4.1.v20100909-0100-e3x,"org.eclipse.mylyn.resources.ui",1454016291833
stopped,bundle,org.eclipse.mylyn.wikitext.tasks.ui,1.3.1.v20100823-0100-e3x,"org.eclipse.mylyn.wikitext.tasks.ui",1454016291836
stopped,bundle,org.eclipse.mylyn.context.ui,3.4.1.v20100909-0100-e3x,"org.eclipse.mylyn.context.ui",1454016291836
activated,perspective,com.altera.sbtgui.ui,,"com.altera.sbtgui.ui.cPerspective",1454016325703
started,bundle,org.eclipse.osgi,3.6.1.R36x_v20100806,"org.eclipse.osgi",1454016325706
started,bundle,org.eclipse.equinox.simpleconfigurator,1.0.200.v20100503,"org.eclipse.equinox.simpleconfigurator",1454016325707
started,bundle,com.ibm.icu,4.2.1.v20100412,"com.ibm.icu",1454016325709
started,bundle,org.eclipse.cdt.core,5.2.1.201009141542,"org.eclipse.cdt.core",1454016325709
started,bundle,org.eclipse.cdt.make.core,7.0.0.201009141542,"org.eclipse.cdt.make.core",1454016325711
started,bundle,org.eclipse.cdt.make.ui,7.0.0.201009141542,"org.eclipse.cdt.make.ui",1454016325713
started,bundle,org.eclipse.cdt.managedbuilder.core,7.0.1.201009141542,"org.eclipse.cdt.managedbuilder.core",1454016325716
started,bundle,org.eclipse.cdt.ui,5.2.1.201009141542,"org.eclipse.cdt.ui",1454016325716
started,bundle,org.eclipse.compare.core,3.5.100.I20100526-0800,"org.eclipse.compare.core",1454016325717
started,bundle,org.eclipse.core.contenttype,3.4.100.v20100505-1235,"org.eclipse.core.contenttype",1454016325719
started,bundle,org.eclipse.core.databinding.observable,1.3.0.I20100601-0800,"org.eclipse.core.databinding.observable",1454016325721
started,bundle,org.eclipse.core.expressions,3.4.200.v20100505,"org.eclipse.core.expressions",1454016325722
started,bundle,org.eclipse.core.filebuffers,3.5.100.v20100520-0800,"org.eclipse.core.filebuffers",1454016325724
started,bundle,org.eclipse.core.filesystem,1.3.1.R36x_v20100727-0745,"org.eclipse.core.filesystem",1454016325725
started,bundle,org.eclipse.core.jobs,3.5.1.R36x_v20100824,"org.eclipse.core.jobs",1454016325727
started,bundle,org.eclipse.core.net,1.2.100.I20100511-0800,"org.eclipse.core.net",1454016325728
started,bundle,org.eclipse.core.resources,3.6.0.R36x_v20100825-0600,"org.eclipse.core.resources",1454016325730
started,bundle,org.eclipse.core.runtime,3.6.0.v20100505,"org.eclipse.core.runtime",1454016325731
started,bundle,org.eclipse.core.runtime.compatibility,3.2.100.v20100505,"org.eclipse.core.runtime.compatibility",1454016325732
started,bundle,org.eclipse.core.runtime.compatibility.auth,3.2.200.v20100517,"org.eclipse.core.runtime.compatibility.auth",1454016325733
started,bundle,org.eclipse.core.variables,3.2.400.v20100505,"org.eclipse.core.variables",1454016325735
started,bundle,org.eclipse.debug.core,3.6.0.v20100519,"org.eclipse.debug.core",1454016325737
started,bundle,org.eclipse.epp.usagedata.gathering,1.3.0.R201005261100,"org.eclipse.epp.usagedata.gathering",1454016325738
started,bundle,org.eclipse.epp.usagedata.recording,1.3.0.R201005261100,"org.eclipse.epp.usagedata.recording",1454016325739
